{"cameraMode":{"drawMode":2,"name":"Shaded Wireframe","section":"Shading Mode"},"sceneLighting":false,"audioPlay":false,"sceneViewState":{"m_AlwaysRefresh":false,"showFog":false,"showSkybox":false,"showFlares":true,"showImageEffects":true,"showParticleSystems":true,"showVisualEffectGraphs":true,"m_FxEnabled":true},"in2DMode":false,"pivot":{"x":10.987500190734864,"y":1.8000001907348633,"z":-13.487500190734864},"rotation":{"x":0.008321722038090229,"y":-0.42370638251304629,"z":-0.003913356456905603,"w":-0.9057676196098328},"size":19.516347885131837,"orthographic":false}