{"cameraMode":{"drawMode":2,"name":"Shaded Wireframe","section":"Shading Mode"},"sceneLighting":false,"audioPlay":false,"sceneViewState":{"m_AlwaysRefresh":false,"showFog":false,"showSkybox":false,"showFlares":true,"showImageEffects":true,"showParticleSystems":true,"showVisualEffectGraphs":true,"m_FxEnabled":true},"in2DMode":false,"pivot":{"x":-0.19694070518016816,"y":0.31335675716400149,"z":0.9422369599342346},"rotation":{"x":0.013173776678740979,"y":-0.9822108149528503,"z":0.17144082486629487,"w":0.07553540915250778},"size":2.4434540271759035,"orthographic":false}